{
    "name": "testworld",
    "players": [
        {
            "x": 0.33623260259628298,
            "y": 63.00001907348633,
            "z": 0.03784951940178871,
            "sx": 0.0,
            "sy": 66.19999694824219,
            "sz": 0.0,
            "pitch": -0.18515165150165559,
            "yaw": -1.5371867418289185,
            "hp": 20,
            "hunger": 19,
            "gamemode": 0.0,
            "cheats": false,
            "flying": false,
            "crouching": false
        }
    ],
    "worldType": 0
}
